{
  "a11y": {
    "user_menu": "Benutzermenü"
  },
  "action": {
    "close": "Schließen",
    "copy_link": "Link kopieren",
    "edit": "Bearbeiten",
    "go": "Los geht’s",
    "invite": "Einladen",
    "lower_hand": "Handmeldung zurücknehmen",
    "no": "Nein",
    "pick_reaction": "Reaktion auswählen",
    "raise_hand": "Handmeldung",
    "register": "Registrieren",
    "remove": "Entfernen",
    "show_less": "Weniger anzeigen",
    "show_more": "Mehr anzeigen",
    "sign_in": "Anmelden",
    "sign_out": "Abmelden",
    "submit": "Absenden",
    "upload_file": "Datei hochladen"
  },
  "analytics_notice": "Mit der Teilnahme an der Beta akzeptierst du die Sammlung von anonymen Daten, die wir zur Verbesserung des Produkts verwenden. Weitere Informationen zu den von uns erhobenen Daten findest du in unserer <2>Datenschutzerklärung</2> und unseren <6>Cookie-Richtlinien</6>.",
  "app_selection_modal": {
    "continue_in_browser": "Weiter im Browser",
    "open_in_app": "In der App öffnen",
    "text": "Bereit, beizutreten?",
    "title": "App auswählen"
  },
  "call_ended_view": {
    "create_account_button": "Konto erstellen",
    "create_account_prompt": "<0>Warum vergibst du nicht abschließend ein Passwort, um dein Konto zu erhalten?</0><1>Du kannst deinen Namen behalten und ein Profilbild für zukünftige Anrufe festlegen.</1>",
    "feedback_done": "<0>Danke für deine Rückmeldung!</0>",
    "feedback_prompt": "<0>Wir würden uns freuen, deine Rückmeldung zu hören, um deine Erfahrung verbessern zu können.</0>",
    "headline": "{{displayName}}, dein Anruf wurde beendet.",
    "not_now_button": "Nicht jetzt, zurück zur Startseite",
    "reconnect_button": "Erneut verbinden",
    "survey_prompt": "Wie ist es gelaufen?"
  },
  "call_name": "Name des Anrufs",
  "common": {
    "analytics": "Analyse",
    "audio": "Audio",
    "avatar": "Profilbild",
    "back": "Zurück",
    "display_name": "Anzeigename",
    "encrypted": "Verschlüsselt",
    "home": "Startseite",
    "loading": "Lade …",
    "next": "Weiter",
    "options": "Optionen",
    "password": "Passwort",
    "preferences": "Einstellungen",
    "profile": "Profil",
    "reaction": "Reaktion",
    "reactions": "Reaktionen",
    "settings": "Einstellungen",
    "unencrypted": "Nicht verschlüsselt",
    "username": "Benutzername",
    "video": "Video"
  },
  "developer_mode": {
    "always_show_iphone_earpiece": "iPhone-Ohrhörer-Option auf allen Plattformen anzeigen",
    "crypto_version": "Krypto-Version: {{version}}",
    "debug_tile_layout_label": "Kachel-Layout debuggen",
    "device_id": "Geräte-ID: {{id}}",
    "duplicate_tiles_label": "Anzahl zusätzlicher Kachelkopien pro Teilnehmer",
    "environment_variables": "Umgebungsvariablen",
    "hostname": "Hostname: {{hostname}}",
    "livekit_server_info": "LiveKit-Server Informationen",
    "livekit_sfu": "LiveKit SFU: {{url}}",
    "matrix_id": "Matrix-ID: {{id}}",
    "mute_all_audio": "Stummschalten aller Audiosignale (Teilnehmer, Reaktionen, Beitrittsgeräusche)",
    "show_connection_stats": "Verbindungsstatistiken anzeigen",
    "show_non_member_tiles": "Kacheln für Nicht-Mitgliedermedien anzeigen",
    "url_params": "URL-Parameter",
    "use_new_membership_manager": "Neuen MembershipManager verwenden",
    "use_to_device_key_transport": "To-Device media E2EE Schlüssel-Transport verwenden. Falls ein anderer Teilnehmer bereits den Raumschlüssel-Transport verwendet, wird automatisch auf Raumschlüssel-Transport zurückgegriffen."
  },
  "disconnected_banner": "Die Verbindung zum Server wurde getrennt.",
  "error": {
    "call_is_not_supported": "Anrufe werden nicht unterstützt",
    "call_not_found": "Anruf nicht gefunden",
    "call_not_found_description": "<0>Dieser Link scheint zu keinem bestehenden Anruf zu gehören. Vergewissern Sie sich, dass Sie den richtigen Link haben, oder <1> erstellen Sie einen neuen</1>. </0>",
    "connection_lost": "Verbindung verloren",
    "connection_lost_description": "Ihre Verbindung zum Anruf wurde unterbrochen.",
    "e2ee_unsupported": "Inkompatibler Browser",
    "e2ee_unsupported_description": "Ihr Webbrowser unterstützt keine verschlüsselten Anrufe. Zu den unterstützten Browsern gehören Chrome, Safari und Firefox 117+.",
    "generic": "Etwas ist schief gelaufen",
    "generic_description": "Durch das Senden von Debugprotokollen können wir das Problem leichter eingrenzen.",
    "insufficient_capacity": "Unzureichende Kapazität",
    "insufficient_capacity_description": "Der Server hat seine maximale Kapazität erreicht, daher ist ein Beitritt zum Anruf derzeit nicht möglich. Bitte später erneut versuchen oder den Serveradministrator kontaktieren, falls das Problem weiterhin besteht.",
    "matrix_rtc_focus_missing": "Der Server ist nicht für die Verwendung mit {{brand}} konfiguriert. Bitte den Serveradministrator kontaktieren (Domain: {{domain}}, Fehlercode: {{ errorCode }}).",
    "open_elsewhere": "In einem anderen Tab geöffnet",
    "open_elsewhere_description": "{{brand}} wurde in einem anderen Tab geöffnet. Wenn das nicht richtig klingt, versuchen Sie, die Seite neu zu laden.",
    "unexpected_ec_error": "Ein unerwarteter Fehler ist aufgetreten (<0>Fehlercode: </0> <1>{{ errorCode }}</1>). Bitte den Serveradministrator kontaktieren."
  },
  "group_call_loader": {
    "banned_body": "Du wurdest aus dem Raum verbannt.",
    "banned_heading": "Verbannt",
    "call_ended_body": "Du wurdest aus dem Anruf entfernt.",
    "call_ended_heading": "Anruf beendet",
    "knock_reject_body": "Die Teilnahmeanfrage wurde abgelehnt.",
    "knock_reject_heading": "Zugriff verweigert",
    "reason": "Grund: {{reason}}"
  },
  "hangup_button_label": "Anruf beenden",
  "header_label": "Element Call-Startseite",
  "header_participants_label": "Teilnehmende",
  "invite_modal": {
    "link_copied_toast": "Link in Zwischenablage kopiert",
    "title": "Zu diesem Anruf einladen"
  },
  "join_existing_call_modal": {
    "join_button": "Ja, Anruf beitreten",
    "text": "Dieser Aufruf existiert bereits, möchtest Du teilnehmen?",
    "title": "An bestehendem Anruf teilnehmen?"
  },
  "layout_grid_label": "Raster",
  "layout_spotlight_label": "Fokus",
  "lobby": {
    "ask_to_join": "Teilnahmeanfrage senden",
    "join_as_guest": "Als Gast beitreten",
    "join_button": "Anruf beitreten",
    "leave_button": "Zurück zu kürzlichen Anrufen",
    "waiting_for_invite": "Anfrage gesendet! Warten auf Teilnahmefreigabe …"
  },
  "log_in": "Anmelden",
  "logging_in": "Anmelden …",
  "login_auth_links": "<0>Konto erstellen</0> Oder <2>Als Gast betreten</2>",
  "login_auth_links_prompt": "Noch nicht registriert?",
  "login_subheading": "Weiter zu Element",
  "login_title": "Anmelden",
  "microphone_off": "Mikrofon aus",
  "microphone_on": "Mikrofon an",
  "mute_microphone_button_label": "Mikrofon stumm schalten",
  "participant_count_one": "{{count, number}}",
  "participant_count_other": "{{count, number}}",
  "qr_code": "QR-Code",
  "rageshake_button_error_caption": "Protokolle erneut senden",
  "rageshake_request_modal": {
    "body": "Ein anderer Benutzer dieses Anrufs hat ein Problem. Um es besser diagnostizieren zu können, würden wir gerne ein Debug-Protokoll erstellen.",
    "title": "Debug-Log Anfrage"
  },
  "rageshake_send_logs": "Debug-Logs senden",
  "rageshake_sending": "Senden …",
  "rageshake_sending_logs": "Sende Debug-Protokolle …",
  "rageshake_sent": "Danke!",
  "recaptcha_dismissed": "Recaptcha abgelehnt",
  "recaptcha_not_loaded": "Recaptcha nicht geladen",
  "recaptcha_ssla_caption": "Diese Website wird durch ReCAPTCHA geschützt, und es gelten die Google <2>Datenschutzbestimmungen</2> sowie die <6>Nutzungsbedingungen</6>.<9></9> Durch das Klicken auf \"Registrieren\" wird der <12>Software- und Dienstleistungslizenzvereinbarung (SSLA)</12> zugestimmt.",
  "register": {
    "passwords_must_match": "Passwörter müssen übereinstimmen",
    "registering": "Registrierung …"
  },
  "register_auth_links": "<0>Du hast bereits ein Konto?</0><1><0>Anmelden</0> Oder <2>Als Gast betreten</2></1>",
  "register_confirm_password_label": "Passwort bestätigen",
  "register_heading": "Erstelle Dein Konto",
  "return_home_button": "Zurück zur Startseite",
  "room_auth_view_continue_button": "Weiter",
  "room_auth_view_ssla_caption": "Durch das Klicken auf \"Anruf jetzt beitreten\" wird dem <2>Software and Services License Agreement (SSLA)</2> zugestimmt.",
  "screenshare_button_label": "Bildschirm teilen",
  "settings": {
    "audio_tab": {
      "effect_volume_description": "Lautstärke anpassen, mit der Reaktionen und Handmeldungen abgespielt werden.",
      "effect_volume_label": "Lautstärke der Soundeffekte"
    },
    "background_blur_header": "Hintergrund",
    "background_blur_label": "Unschärfeeffekt für den Hintergrund aktivieren",
    "blur_not_supported_by_browser": "(Hintergrundunschärfe wird von diesem Gerät nicht unterstützt.)",
    "developer_tab_title": "Entwickler",
    "devices": {
      "camera": "Kamera",
      "camera_numbered": "Kamera {{n}}",
      "default": "Standard",
      "default_named": "Standard<2> ({{name}} )</2>",
      "earpiece": "Ohrhörer",
      "microphone": "Mikrofon",
      "microphone_numbered": "Mikrofon{{n}}",
      "speaker": "Lautsprecher",
      "speaker_numbered": "Lautsprecher{{n}}"
    },
    "feedback_tab_body": "Falls du auf Probleme stößt oder einfach nur eine Rückmeldung geben möchtest, sende uns bitte eine kurze Beschreibung.",
    "feedback_tab_description_label": "Deine Rückmeldung",
    "feedback_tab_h4": "Rückmeldung geben",
    "feedback_tab_send_logs_label": "Debug-Protokolle anhängen",
    "feedback_tab_thank_you": "Danke, wir haben deine Rückmeldung erhalten!",
    "feedback_tab_title": "Rückmeldung",
    "opt_in_description": "<0></0><1></1>Du kannst deine Zustimmung durch Abwählen dieses Kästchens zurückziehen. Falls du dich aktuell in einem Anruf befindest, wird diese Einstellung nach dem Ende des Anrufs wirksam.",
    "preferences_tab": {
      "developer_mode_label": "Entwickler-Modus",
      "developer_mode_label_description": "Aktivieren Sie den Entwicklermodus und zeigen Sie die Registerkarte mit den Entwicklereinstellungen an.",
      "introduction": "Hier können zusätzliche Optionen für individuelle Anforderungen eingestellt werden.",
      "reactions_play_sound_description": "Spielen Sie einen Soundeffekt ab, wenn jemand eine Reaktion auf einen Anruf sendet.",
      "reactions_play_sound_label": "Reaktionstöne abspielen",
      "reactions_show_description": "Zeige eine Animation, wenn jemand eine Reaktion sendet.",
      "reactions_show_label": "Reaktionen anzeigen",
      "show_hand_raised_timer_description": "Einen Timer zur Handmeldung anzeigen",
      "show_hand_raised_timer_label": "Dauer der Handmeldung anzeigen"
    }
  },
  "star_rating_input_label_one": "{{count}} Stern",
  "star_rating_input_label_other": "{{count}} Sterne",
  "start_new_call": "Neuen Anruf beginnen",
  "start_video_button_label": "Video aktivieren",
  "stop_screenshare_button_label": "Bildschirm wird geteilt",
  "stop_video_button_label": "Video deaktivieren",
  "submitting": "Sende …",
  "switch_camera": "Kamera wechseln",
  "unauthenticated_view_body": "Noch nicht registriert? <2>Konto erstellen</2>",
  "unauthenticated_view_login_button": "Melde dich mit deinem Konto an",
  "unauthenticated_view_ssla_caption": "Durch das Klicken auf \"Weiter\" wird dem <2>Software and Services License Agreement (SSLA)</2> zugestimmt.",
  "unmute_microphone_button_label": "Mikrofon einschalten",
  "version": "{{productName}} Version: {{version}}",
  "video_tile": {
    "always_show": "Immer anzeigen",
    "camera_starting": "Video wird geladen...",
    "change_fit_contain": "An Fenster anpassen",
    "collapse": "Minimieren",
    "expand": "Erweitern",
    "mute_for_me": "Für mich stumm schalten",
    "muted_for_me": "Für mich stumm geschaltet",
    "volume": "Lautstärke",
    "waiting_for_media": "Warten auf Medien..."
  }
}
