{
  "a11y": {
    "user_menu": "User menu"
  },
  "action": {
    "close": "Close",
    "copy_link": "Copy link",
    "edit": "Edit",
    "go": "Go",
    "invite": "Invite",
    "lower_hand": "Lower hand",
    "no": "No",
    "pick_reaction": "Pick reaction",
    "raise_hand": "Raise hand",
    "register": "Register",
    "remove": "Remove",
    "show_less": "Show less",
    "show_more": "Show more",
    "sign_in": "Sign in",
    "sign_out": "Sign out",
    "submit": "Submit",
    "upload_file": "Upload file"
  },
  "analytics_notice": "",
  "app_selection_modal": {
    "continue_in_browser": "Continue in browser",
    "open_in_app": "Open in the app",
    "text": "Ready to join?",
    "title": "Select app"
  },
  "call_ended_view": {
    "create_account_button": "Create account",
    "create_account_prompt": "<0>Why not finish by setting up a password to keep your account?</0><1>You'll be able to keep your name and set an avatar for use on future calls</1>",
    "feedback_done": "<0>Thanks for your feedback!</0>",
    "feedback_prompt": "<0>We'd love to hear your feedback so we can improve your experience.</0>",
    "headline": "{{displayName}}, your call has ended.",
    "not_now_button": "Not now, return to home screen",
    "reconnect_button": "Reconnect",
    "survey_prompt": "How did it go?"
  },
  "call_name": "Name of call",
  "common": {
    "analytics": "Analytics",
    "audio": "Audio",
    "avatar": "Avatar",
    "back": "Back",
    "display_name": "Display name",
    "encrypted": "Encrypted",
    "home": "Home",
    "loading": "Loading…",
    "next": "Next",
    "options": "Options",
    "password": "Password",
    "preferences": "Preferences",
    "profile": "Profile",
    "reaction": "Reaction",
    "reactions": "Reactions",
    "settings": "Settings",
    "unencrypted": "Not encrypted",
    "username": "Username",
    "video": "Video"
  },
  "developer_mode": {
    "always_show_iphone_earpiece": "Show iPhone earpiece option on all platforms",
    "crypto_version": "Crypto version: {{version}}",
    "debug_tile_layout_label": "Debug tile layout",
    "device_id": "Device ID: {{id}}",
    "duplicate_tiles_label": "Number of additional tile copies per participant",
    "environment_variables": "Environment variables",
    "hostname": "Hostname: {{hostname}}",
    "livekit_server_info": "LiveKit Server Info",
    "livekit_sfu": "LiveKit SFU: {{url}}",
    "matrix_id": "Matrix ID: {{id}}",
    "mute_all_audio": "Mute all audio (participants, reactions, join sounds)",
    "show_connection_stats": "Show connection statistics",
    "show_non_member_tiles": "Show tiles for non-member media",
    "url_params": "URL parameters",
    "use_new_membership_manager": "Use the new implementation of the call MembershipManager",
    "use_to_device_key_transport": "Use to device key transport. This will fallback to room key transport when another call member sent a room key"
  },
  "disconnected_banner": "Connectivity to the server has been lost.",
  "error": {
    "call_is_not_supported": "Call is not supported",
    "call_not_found": "Call not found",
    "call_not_found_description": "<0>That link doesn't appear to belong to any existing call. Check that you have the right link, or <1>create a new one</1>.</0>",
    "connection_lost": "Connection lost",
    "connection_lost_description": "You were disconnected from the call.",
    "e2ee_unsupported": "Incompatible browser",
    "e2ee_unsupported_description": "Your web browser does not support encrypted calls. Supported browsers include Chrome, Safari, and Firefox 117+.",
    "generic": "Something went wrong",
    "generic_description": "Submitting debug logs will help us track down the problem.",
    "insufficient_capacity": "Insufficient capacity",
    "insufficient_capacity_description": "The server has reached its maximum capacity and you cannot join the call at this time. Try again later, or contact your server admin if the problem persists.",
    "matrix_rtc_focus_missing": "The server is not configured to work with {{brand}}. Please contact your server admin (Domain: {{domain}}, Error Code: {{ errorCode }}).",
    "open_elsewhere": "Opened in another tab",
    "open_elsewhere_description": "{{brand}} has been opened in another tab. If that doesn't sound right, try reloading the page.",
    "unexpected_ec_error": "An unexpected error occurred (<0>Error Code:</0> <1>{{ errorCode }}</1>). Please contact your server admin."
  },
  "group_call_loader": {
    "banned_body": "You have been banned from the room.",
    "banned_heading": "Banned",
    "call_ended_body": "You have been removed from the call.",
    "call_ended_heading": "Call ended",
    "knock_reject_body": "Your request to join was declined.",
    "knock_reject_heading": "Access denied",
    "reason": "Reason: {{reason}}"
  },
  "hangup_button_label": "End call",
  "header_label": "Beep Pakistan Home",
  "header_participants_label": "Participants",
  "invite_modal": {
    "link_copied_toast": "Link copied to clipboard",
    "title": "Invite to this call"
  },
  "join_existing_call_modal": {
    "join_button": "Yes, join call",
    "text": "This call already exists, would you like to join?",
    "title": "Join existing call?"
  },
  "layout_grid_label": "Grid",
  "layout_spotlight_label": "Spotlight",
  "lobby": {
    "ask_to_join": "Request to join call",
    "join_as_guest": "Join as guest",
    "join_button": "Join call",
    "leave_button": "Back to recents",
    "waiting_for_invite": "Request sent! Waiting for permission to join…"
  },
  "log_in": "Log In",
  "logging_in": "Logging in…",
  "login_auth_links": "<0>Create an account</0> Or <2>Access as a guest</2>",
  "login_auth_links_prompt": "Not registered yet?",
  "login_subheading": "To continue to Element",
  "login_title": "Login",
  "microphone_off": "Microphone off",
  "microphone_on": "Microphone on",
  "mute_microphone_button_label": "Mute microphone",
  "participant_count_one": "{{count, number}}",
  "participant_count_other": "{{count, number}}",
  "qr_code": "QR Code",
  "rageshake_button_error_caption": "Retry sending logs",
  "rageshake_request_modal": {
    "body": "Another user on this call is having an issue. In order to better diagnose these issues we'd like to collect a debug log.",
    "title": "Debug log request"
  },
  "rageshake_send_logs": "Send debug logs",
  "rageshake_sending": "Sending…",
  "rageshake_sending_logs": "Sending debug logs…",
  "rageshake_sent": "Thanks!",
  "recaptcha_dismissed": "Recaptcha dismissed",
  "recaptcha_not_loaded": "Recaptcha not loaded",
  "recaptcha_ssla_caption": "This site is protected by ReCAPTCHA and the Google <2>Privacy Policy</2> and <6>Terms of Service</6> apply.<9></9>By clicking \"Register\", you agree to our <12>Software and Services License Agreement (SSLA)</12>",
  "register": {
    "passwords_must_match": "Passwords must match",
    "registering": "Registering…"
  },
  "register_auth_links": "<0>Already have an account?</0><1><0>Log in</0> Or <2>Access as a guest</2></1>",
  "register_confirm_password_label": "Confirm password",
  "register_heading": "Create your account",
  "return_home_button": "Return to home screen",
  "room_auth_view_continue_button": "Continue",
  "room_auth_view_ssla_caption": "By clicking \"Join call now\", you agree to our <2>Software and Services License Agreement (SSLA)</2>",
  "screenshare_button_label": "Share screen",
  "settings": {
    "audio_tab": {
      "effect_volume_description": "Adjust the volume at which reactions and hand raised effects play.",
      "effect_volume_label": "Sound effect volume"
    },
    "background_blur_header": "Background",
    "background_blur_label": "Blur the background of the video",
    "blur_not_supported_by_browser": "(Background blur is not supported by this device.)",
    "developer_tab_title": "Developer",
    "devices": {
      "camera": "Camera",
      "camera_numbered": "Camera {{n}}",
      "change_device_button": "Change audio device",
      "default": "Default",
      "default_named": "Default <2>({{name}})</2>",
      "earpiece": "Earpiece",
      "microphone": "Microphone",
      "microphone_numbered": "Microphone {{n}}",
      "speaker": "Speaker",
      "speaker_numbered": "Speaker {{n}}"
    },
    "feedback_tab_body": "If you are experiencing issues or simply would like to provide some feedback, please send us a short description below.",
    "feedback_tab_description_label": "Your feedback",
    "feedback_tab_h4": "Submit feedback",
    "feedback_tab_send_logs_label": "Include debug logs",
    "feedback_tab_thank_you": "Thanks, we received your feedback!",
    "feedback_tab_title": "Feedback",
    "opt_in_description": "<0></0><1></1>You may withdraw consent by unchecking this box. If you are currently in a call, this setting will take effect at the end of the call.",
    "preferences_tab": {
      "developer_mode_label": "Developer mode",
      "developer_mode_label_description": "Enable developer mode and show developer settings tab.",
      "introduction": "Here you can configure extra options for an improved experience.",
      "reactions_play_sound_description": "Play a sound effect when anyone sends a reaction into a call.",
      "reactions_play_sound_label": "Play reaction sounds",
      "reactions_show_description": "Show an animation when anyone sends a reaction.",
      "reactions_show_label": "Show reactions",
      "show_hand_raised_timer_description": "Show a timer when a participant raises their hand",
      "show_hand_raised_timer_label": "Show hand raise duration"
    }
  },
  "star_rating_input_label_one": "{{count}} star",
  "star_rating_input_label_other": "{{count}} stars",
  "start_new_call": "Start new call",
  "start_video_button_label": "Start video",
  "stop_screenshare_button_label": "Sharing screen",
  "stop_video_button_label": "Stop video",
  "submitting": "Submitting…",
  "switch_camera": "Switch camera",
  "unauthenticated_view_body": "Not registered yet? <2>Create an account</2>",
  "unauthenticated_view_login_button": "Login to your account",
  "unauthenticated_view_ssla_caption": " ",
  "unmute_microphone_button_label": "Unmute microphone",
  "version": "{{productName}} version: {{version}}",
  "video_tile": {
    "always_show": "Always show",
    "camera_starting": "Video loading...",
    "change_fit_contain": "Fit to frame",
    "collapse": "Collapse",
    "expand": "Expand",
    "mute_for_me": "Mute for me",
    "muted_for_me": "Muted for me",
    "volume": "Volume",
    "waiting_for_media": "Waiting for media..."
  }
}
