{
  "a11y": {
    "user_menu": "Menu utilisateur"
  },
  "action": {
    "close": "Fermer",
    "copy_link": "Copier le lien",
    "go": "Commencer",
    "invite": "Inviter",
    "no": "Non",
    "register": "S’enregistrer",
    "remove": "Supprimer",
    "sign_in": "Connexion",
    "sign_out": "Déconnexion",
    "submit": "Envoyer"
  },
  "analytics_notice": "En participant à cette beta, vous consentez à la collecte de données anonymes, qui seront utilisées pour améliorer le produit. Vous trouverez plus d’informations sur les données collectées dans notre <2>Politique de vie privée</2> et notre <5>Politique de cookies</5>.",
  "app_selection_modal": {
    "continue_in_browser": "Continuer dans le navigateur",
    "open_in_app": "Ouvrir dans l’application",
    "text": "Prêt à rejoindre ?",
    "title": "Choisissez l’application"
  },
  "call_ended_view": {
    "create_account_button": "Créer un compte",
    "create_account_prompt": "<0>Pourquoi ne pas créer un mot de passe pour conserver votre compte ?</0><1>Vous pourrez garder votre nom et définir un avatar pour vos futurs appels</1>",
    "feedback_done": "<0>Merci pour votre commentaire !</0>",
    "feedback_prompt": "<0>Nous aimerions avoir vos commentaires afin que nous puissions améliorer votre expérience.</0>",
    "headline": "{{displayName}}, votre appel est terminé.",
    "not_now_button": "Pas maintenant, retourner à l’accueil",
    "reconnect_button": "Se reconnecter",
    "survey_prompt": "Comment cela s’est-il passé ?"
  },
  "call_name": "Nom de l’appel",
  "common": {
    "display_name": "Nom d’affichage",
    "encrypted": "Chiffré",
    "home": "Accueil",
    "loading": "Chargement…",
    "password": "Mot de passe",
    "profile": "Profil",
    "settings": "Paramètres",
    "unencrypted": "Non chiffré",
    "username": "Nom d’utilisateur",
    "video": "Vidéo"
  },
  "disconnected_banner": "La connexion avec le serveur a été perdue.",
  "hangup_button_label": "Terminer l’appel",
  "header_label": "Accueil Element Call",
  "invite_modal": {
    "link_copied_toast": "Lien copié dans le presse-papier",
    "title": "Inviter dans cet appel"
  },
  "join_existing_call_modal": {
    "join_button": "Oui, rejoindre l’appel",
    "text": "Cet appel existe déjà, voulez-vous le rejoindre ?",
    "title": "Rejoindre un appel existant ?"
  },
  "layout_grid_label": "Grille",
  "layout_spotlight_label": "Premier plan",
  "lobby": {
    "join_button": "Rejoindre l’appel",
    "leave_button": "Revenir à l’historique des appels"
  },
  "logging_in": "Connexion…",
  "login_auth_links": "<0>Créer un compte</0> Or <2>Accès invité</2>",
  "login_title": "Connexion",
  "microphone_off": "Microphone éteint",
  "microphone_on": "Microphone allumé",
  "mute_microphone_button_label": "Couper le microphone",
  "rageshake_button_error_caption": "Réessayer d’envoyer les journaux",
  "rageshake_request_modal": {
    "body": "Un autre utilisateur dans cet appel a un problème. Pour nous permettre de résoudre le problème, nous aimerions récupérer un journal de débogage.",
    "title": "Demande d’un journal de débogage"
  },
  "rageshake_send_logs": "Envoyer les journaux de débogage",
  "rageshake_sending": "Envoi…",
  "rageshake_sending_logs": "Envoi des journaux de débogage…",
  "rageshake_sent": "Merci !",
  "recaptcha_dismissed": "Recaptcha refusé",
  "recaptcha_not_loaded": "Recaptcha non chargé",
  "register": {
    "passwords_must_match": "Les mots de passe doivent correspondre",
    "registering": "Enregistrement…"
  },
  "register_auth_links": "<0>Vous avez déjà un compte ?</0><1><0>Se connecter</0> Ou <2>Accès invité</2></1>",
  "register_confirm_password_label": "Confirmer le mot de passe",
  "return_home_button": "Retour à l’accueil",
  "screenshare_button_label": "Partage d’écran",
  "settings": {
    "developer_tab_title": "Développeur",
    "feedback_tab_body": "Si vous rencontrez des problèmes, ou vous voulez simplement faire un commentaire, faites-en une courte description ci-dessous.",
    "feedback_tab_description_label": "Votre commentaire",
    "feedback_tab_h4": "Envoyer un commentaire",
    "feedback_tab_send_logs_label": "Inclure les journaux de débogage",
    "feedback_tab_thank_you": "Merci, nous avons reçu vos commentaires !",
    "feedback_tab_title": "Commentaires",
    "opt_in_description": "<0></0><1></1>Vous pouvez retirer votre consentement en décochant cette case. Si vous êtes actuellement en communication, ce paramètre prendra effet à la fin de l’appel."
  },
  "star_rating_input_label_one": "{{count}} favori",
  "star_rating_input_label_other": "{{count}} favoris",
  "start_new_call": "Démarrer un nouvel appel",
  "start_video_button_label": "Démarrer la vidéo",
  "stop_screenshare_button_label": "L’écran est partagé",
  "stop_video_button_label": "Arrêter la vidéo",
  "submitting": "Envoi…",
  "unauthenticated_view_body": "Pas encore de compte ? <2>En créer un</2>",
  "unauthenticated_view_login_button": "Connectez vous à votre compte",
  "unmute_microphone_button_label": "Allumer le microphone",
  "version": "Version : {{version}}"
}
