{
  "a11y": {
    "user_menu": "Menu pengguna"
  },
  "action": {
    "close": "Tutup",
    "copy_link": "Salin tautan",
    "edit": "Sunting",
    "go": "Bergabung",
    "invite": "Undang",
    "lower_hand": "Turunkan tangan",
    "no": "Tidak",
    "pick_reaction": "Pilih reaksi",
    "raise_hand": "Angkat tangan",
    "register": "Daftar",
    "remove": "Hapus",
    "show_less": "Tampilkan lebih sedikit",
    "show_more": "Tampilkan lebih banyak",
    "sign_in": "Masuk",
    "sign_out": "Keluar",
    "submit": "Kirim",
    "upload_file": "Unggah berkas"
  },
  "analytics_notice": "Dengan bergabung dalam beta ini, Anda mengizinkan kami untuk mengumpulkan data anonim, yang kami gunakan untuk meningkatkan produk ini. Anda dapat mempelajari lebih lanjut tentang data apa yang kami lacak dalam <2>Kebijakan Privasi</2> dan <5>Kebijakan Kuki</5> kami.",
  "app_selection_modal": {
    "continue_in_browser": "Lanjutkan dalam peramban",
    "open_in_app": "Buka dalam aplikasi",
    "text": "Siap untuk bergabung?",
    "title": "Pilih plikasi"
  },
  "call_ended_view": {
    "create_account_button": "Buat akun",
    "create_account_prompt": "<0>Kenapa tidak selesaikan dengan mengatur sebuah kata sandi untuk menjaga akun Anda?</0><1>Anda akan dapat tetap menggunakan nama Anda dan atur sebuah avatar untuk digunakan dalam panggilan di masa mendatang</1>",
    "feedback_done": "<0>Terima kasih atas masukan Anda!</0>",
    "feedback_prompt": "<0>Kami ingin mendengar masukan Anda supaya kami bisa meningkatkan pengalaman Anda.</0>",
    "headline": "{{displayName}}, panggilan Anda telah berakhir.",
    "not_now_button": "Tidak sekarang, kembali ke layar beranda",
    "reconnect_button": "Hubungkan ulang",
    "survey_prompt": "Bagaimana rasanya?"
  },
  "call_name": "Nama panggilan",
  "common": {
    "analytics": "Analitik",
    "audio": "Audio",
    "avatar": "Avatar",
    "back": "Kembali",
    "display_name": "Nama tampilan",
    "encrypted": "Terenkripsi",
    "home": "Beranda",
    "loading": "Memuat…",
    "next": "Berikutnya",
    "options": "Opsi",
    "password": "Kata sandi",
    "preferences": "Preferensi",
    "profile": "Profil",
    "reaction": "Reaksi",
    "reactions": "Reaksi",
    "settings": "Pengaturan",
    "unencrypted": "Tidak terenkripsi",
    "username": "Nama pengguna",
    "video": "Video"
  },
  "developer_mode": {
    "crypto_version": "Versi kripto: {{version}}",
    "debug_tile_layout_label": "Awakutu tata letak ubin",
    "device_id": "ID perangkat: {{id}}",
    "duplicate_tiles_label": "Jumlah salinan ubin tambahan per peserta",
    "environment_variables": "Variabel lingkungan",
    "hostname": "Nama hos: {{hostname}}",
    "livekit_server_info": "Info Server LiveKit",
    "livekit_sfu": "SFU LiveKit: {{url}}",
    "matrix_id": "ID Matrix: {{id}}",
    "show_connection_stats": "Tampilkan statistik koneksi",
    "show_non_member_tiles": "Tampilkan ubin untuk media non-anggota",
    "url_params": "Parameter URL",
    "use_new_membership_manager": "Gunakan implementasi baru dari panggilan MembershipManager",
    "use_to_device_key_transport": "Gunakan untuk transportasi kunci perangkat. Ini akan kembali ke transportasi kunci ruangan ketika anggota panggilan lain mengirim kunci ruangan"
  },
  "disconnected_banner": "Koneksi ke server telah hilang.",
  "error": {
    "call_is_not_supported": "Panggilan tidak didukung",
    "call_not_found": "Panggilan tidak ditemukan",
    "call_not_found_description": "<0>Tautan itu tampaknya bukan milik panggilan yang ada. Periksa apakah Anda memiliki tautan yang tepat, atau <1> buat yang baru</1>.</0>",
    "connection_lost": "Koneksi terputus",
    "connection_lost_description": "Anda terputus dari panggilan.",
    "e2ee_unsupported": "Peramban tidak kompatibel",
    "e2ee_unsupported_description": "Peramban web Anda tidak mendukung panggilan terenkripsi. Peramban yang didukung meliputi Chrome, Safari, dan Firefox 117+.",
    "generic": "Ada yang salah",
    "generic_description": "Mengirimkan log awakutu akan membantu kami melacak masalah.",
    "insufficient_capacity": "Kapasitas tidak mencukupi",
    "insufficient_capacity_description": "Server telah mencapai kapasitas maksimum dan Anda tidak dapat bergabung dalam panggilan saat ini. Coba lagi nanti, atau hubungi admin server Anda jika masalah masih berlanjut.",
    "matrix_rtc_focus_missing": "Server tidak dikonfigurasi untuk bekerja dengan {{brand}}. Silakan hubungi admin server Anda (Domain: {{domain}}, Kode Kesalahan: {{ errorCode }}).",
    "open_elsewhere": "Dibuka di tab lain",
    "open_elsewhere_description": "{{brand}} telah dibuka di tab lain. Jika sepertinya tidak benar, coba muat ulang halaman.",
    "unexpected_ec_error": "Terjadi kesalahan tak terduga (<0> Kode Kesalahan:</0><1>{{ errorCode }}</1>). Silakan hubungi admin server Anda."
  },
  "group_call_loader": {
    "banned_body": "Anda telah dilarang dari ruangan.",
    "banned_heading": "Dilarang",
    "call_ended_body": "Anda telah dikeluarkan dari panggilan.",
    "call_ended_heading": "Panggilan berakhir",
    "knock_reject_body": "Permintaan Anda untuk bergabung ditolak.",
    "knock_reject_heading": "Akses ditolak",
    "reason": "Alasan: {{reason}}"
  },
  "hangup_button_label": "Akhiri panggilan",
  "header_label": "Beranda Element Call",
  "header_participants_label": "Peserta",
  "invite_modal": {
    "link_copied_toast": "Tautan disalin ke papan klip",
    "title": "Undang ke panggilan ini"
  },
  "join_existing_call_modal": {
    "join_button": "Ya, bergabung ke panggilan",
    "text": "Panggilan ini sudah ada, apakah Anda ingin bergabung?",
    "title": "Bergabung ke panggilan yang sudah ada?"
  },
  "layout_grid_label": "Kisi",
  "layout_spotlight_label": "Sorotan",
  "lobby": {
    "ask_to_join": "Permintaan untuk bergabung dalam panggilan",
    "join_as_guest": "Bergabung sebagai tamu",
    "join_button": "Bergabung ke panggilan",
    "leave_button": "Kembali ke terkini",
    "waiting_for_invite": "Permintaan terkirim! Menunggu izin untuk bergabung…"
  },
  "log_in": "Masuk",
  "logging_in": "Memasuki…",
  "login_auth_links": "<0>Buat akun</0> Atau <2>Akses sebagai tamu</2>",
  "login_auth_links_prompt": "Belum terdaftar?",
  "login_subheading": "Untuk melanjutkan ke Element",
  "login_title": "Masuk",
  "microphone_off": "Mikrofon dimatikan",
  "microphone_on": "Mikrofon dinyalakan",
  "mute_microphone_button_label": "Matikan mikrofon",
  "participant_count_other": "{{count, number}}",
  "qr_code": "Kode QR",
  "rageshake_button_error_caption": "Kirim ulang catatan",
  "rageshake_request_modal": {
    "body": "Pengguna yang lain di panggilan ini sedang mengalami masalah. Supaya dapat mendiagnosa masalah ini, kami ingin mengumpulkan sebuah catatan pengawakutuan.",
    "title": "Permintaan catatan pengawakutuan"
  },
  "rageshake_send_logs": "Kirim catatan pengawakutuan",
  "rageshake_sending": "Mengirimkan…",
  "rageshake_sending_logs": "Mengirimkan catatan pengawakutuan…",
  "rageshake_sent": "Terima kasih!",
  "recaptcha_dismissed": "Recaptcha ditutup",
  "recaptcha_not_loaded": "Recaptcha tidak dimuat",
  "recaptcha_ssla_caption": "Situs ini dilindungi oleh ReCAPTCHA dan <2>Kebijakan Privasi</2> dan <6>Ketentuan Layanan</6> Google berlaku.<9></9>Dengan mengeklik \"Daftar\", Anda menyetujui <12>Perjanjian Lisensi Perangkat Lunak dan Layanan (SSLA) kami</12>",
  "register": {
    "passwords_must_match": "Kata sandi harus cocok",
    "registering": "Mendaftarkan…"
  },
  "register_auth_links": "<0>Sudah punya akun?</0><1><0>Masuk</0> Atau <2>Akses sebagai tamu</2></1>",
  "register_confirm_password_label": "Konfirmasi kata sandi",
  "register_heading": "Buat akun Anda",
  "return_home_button": "Kembali ke layar beranda",
  "room_auth_view_continue_button": "Lanjutkan",
  "room_auth_view_ssla_caption": "Dengan mengeklik “Gabung panggilan sekarang”, Anda menyetujui <2>Perjanjian Lisensi Perangkat Lunak dan Layanan (SSLA) kami</2>",
  "screenshare_button_label": "Bagikan layar",
  "settings": {
    "audio_tab": {
      "effect_volume_description": "Sesuaikan volume saat reaksi dan efek tangan terangkat diputar.",
      "effect_volume_label": "Volume efek suara"
    },
    "background_blur_header": "Latar belakang",
    "background_blur_label": "Buramkan latar belakang video",
    "blur_not_supported_by_browser": "(Pemburaman latar belakang tidak didukung oleh perangkat ini.)",
    "developer_tab_title": "Pengembang",
    "devices": {
      "camera": "Kamera",
      "camera_numbered": "Kamera {{n}}",
      "default": "Bawaan",
      "default_named": "Bawaan <2>({{name}})</2>",
      "microphone": "Mikrofon",
      "microphone_numbered": "Mikrofon {{n}}",
      "speaker": "Speaker",
      "speaker_numbered": "Speaker {{n}}"
    },
    "feedback_tab_body": "Jika Anda mengalami masalah atau hanya ingin memberikan masukan, silakan kirimkan kami deskripsi pendek di bawah.",
    "feedback_tab_description_label": "Masukan Anda",
    "feedback_tab_h4": "Kirim masukan",
    "feedback_tab_send_logs_label": "Termasuk catatan pengawakutuan",
    "feedback_tab_thank_you": "Terima kasih, kami telah menerima masukan Anda!",
    "feedback_tab_title": "Masukan",
    "opt_in_description": "<0></0><1></1>Anda dapat mengurungkan kembali izin dengan mencentang kotak ini. Jika Anda saat ini dalam panggilan, pengaturan ini akan diterapkan di akhir panggilan.",
    "preferences_tab": {
      "developer_mode_label": "Mode pengembang",
      "developer_mode_label_description": "Aktifkan mode pengembang dan tampilkan tab pengaturan pengembang.",
      "introduction": "Di sini Anda dapat mengonfigurasi opsi tambahan untuk pengalaman yang lebih baik.",
      "reactions_play_sound_description": "Mainkan efek suara ketika seseorang mengirim reaksi ke panggilan.",
      "reactions_play_sound_label": "Putar suara reaksi",
      "reactions_show_description": "Tampilkan animasi ketika ada yang mengirimkan reaksi.",
      "reactions_show_label": "Tampilkan reaksi",
      "show_hand_raised_timer_description": "Tampilkan pengatur waktu saat peserta mengangkat tangannya",
      "show_hand_raised_timer_label": "Tampilkan durasi angkat tangan"
    }
  },
  "star_rating_input_label_one": "{{count}} bintang",
  "star_rating_input_label_other": "{{count}} bintang",
  "start_new_call": "Mulai panggilan baru",
  "start_video_button_label": "Nyalakan video",
  "stop_screenshare_button_label": "Berbagi layar",
  "stop_video_button_label": "Matikan video",
  "submitting": "Mengirim…",
  "switch_camera": "Ganti kamera",
  "unauthenticated_view_body": "Belum terdaftar? <2>Buat sebuah akun</2>",
  "unauthenticated_view_login_button": "Masuk ke akun Anda",
  "unauthenticated_view_ssla_caption": "Dengan mengeklik \"Go\", Anda menyetujui <2>Perjanjian Lisensi Perangkat Lunak dan Layanan (SSLA) kami</2>",
  "unmute_microphone_button_label": "Nyalakan mikrofon",
  "version": "Versi: {{version}}",
  "video_tile": {
    "always_show": "Selalu tampilkan",
    "camera_starting": "Memuat video...",
    "change_fit_contain": "Sesuai dengan bingkai",
    "collapse": "Tutup",
    "expand": "Buka",
    "mute_for_me": "Bisukan untuk saya",
    "muted_for_me": "Dibisukan untuk saya",
    "volume": "Volume",
    "waiting_for_media": "Menunggu media..."
  }
}
