{
  "a11y": {
    "user_menu": "Menu utente"
  },
  "action": {
    "close": "Chiudi",
    "copy_link": "Copia collegamento",
    "edit": "Modifica",
    "go": "Vai",
    "invite": "Invita",
    "lower_hand": "Abbassa la mano",
    "no": "No",
    "pick_reaction": "Scegli una reazione",
    "raise_hand": "Alza la mano",
    "register": "Registra",
    "remove": "Rimuovi",
    "show_less": "Mostra meno",
    "show_more": "Mostra altro",
    "sign_in": "Accedi",
    "sign_out": "Disconnetti",
    "submit": "Invia",
    "upload_file": "Carica file"
  },
  "analytics_notice": "Partecipando a questa beta, acconsenti alla raccolta di dati anonimi che usiamo per migliorare il prodotto. Puoi trovare più informazioni su quali dati monitoriamo nella nostra <2>informativa sulla privacy</2> e nell'<5>informativa sui cookie</5>.",
  "app_selection_modal": {
    "continue_in_browser": "Continua nel browser",
    "open_in_app": "Apri nell'app",
    "text": "Tutto pronto per entrare?",
    "title": "Seleziona app"
  },
  "call_ended_view": {
    "create_account_button": "Crea profilo",
    "create_account_prompt": "<0>Ti va di terminare impostando una password per mantenere il profilo?</0><1>Potrai mantenere il tuo nome e impostare un avatar da usare in chiamate future</1>",
    "feedback_done": "<0>Grazie per la tua opinione!</0>",
    "feedback_prompt": "<0>Vorremmo sapere la tua opinione in modo da migliorare l'esperienza.</0>",
    "headline": "{{displayName}}, la chiamata è terminata.",
    "not_now_button": "Non ora, torna alla schermata principale",
    "reconnect_button": "Riconnetti",
    "survey_prompt": "Com'è andata?"
  },
  "call_name": "Nome della chiamata",
  "common": {
    "analytics": "Statistiche",
    "audio": "Audio",
    "avatar": "Avatar",
    "back": "Indietro",
    "display_name": "Il tuo nome",
    "encrypted": "Cifrata",
    "home": "Pagina iniziale",
    "loading": "Caricamento…",
    "next": "Avanti",
    "options": "Opzioni",
    "password": "Password",
    "preferences": "Preferenze",
    "profile": "Profilo",
    "reaction": "Reazione",
    "reactions": "Reazioni",
    "settings": "Impostazioni",
    "unencrypted": "Non cifrata",
    "username": "Nome utente",
    "video": "Video"
  },
  "developer_mode": {
    "crypto_version": "Versione crittografica: {{version}}",
    "debug_tile_layout_label": "Debug della disposizione dei riquadri",
    "device_id": "ID dispositivo: {{id}}",
    "duplicate_tiles_label": "Numero di copie di riquadri aggiuntivi per partecipante",
    "hostname": "Nome host: {{hostname}}",
    "livekit_server_info": "Informazioni sul server LiveKit",
    "livekit_sfu": "SFU LiveKit: {{url}}",
    "matrix_id": "ID Matrix: {{id}}",
    "show_connection_stats": "Mostra le statistiche di connessione",
    "show_non_member_tiles": "Mostra i riquadri per i file multimediali non-membri",
    "use_new_membership_manager": "Usa la nuova implementazione della chiamata MembershipManager"
  },
  "disconnected_banner": "La connessione al server è stata persa.",
  "error": {
    "call_is_not_supported": "La chiamata non è supportata",
    "call_not_found": "Chiamata non trovata",
    "call_not_found_description": "<0>Quel link non sembra appartenere a nessuna chiamata esistente. Controlla di avere il link giusto, oppure <1> creane uno nuovo</1> .</0>",
    "connection_lost": "Connessione persa",
    "connection_lost_description": "Sei stato disconnesso dalla chiamata.",
    "e2ee_unsupported": "Browser incompatibile",
    "e2ee_unsupported_description": "Il tuo browser non supporta le chiamate crittografate. I browser supportati sono Chrome, Safari e Firefox 117+.",
    "generic": "Qualcosa è andato storto",
    "generic_description": "L'invio dei registri di debug ci aiuterà a rintracciare il problema.",
    "insufficient_capacity": "Capacità insufficiente",
    "insufficient_capacity_description": "Il server ha raggiunto la capacità massima e non è possibile partecipare alla chiamata in questo momento. Riprova più tardi o contatta l'amministratore del server se il problema persiste.",
    "matrix_rtc_focus_missing": "Il server non è configurato per funzionare con {{brand}}. Contatta l'amministratore del tuo server (Dominio: {{domain}}, codice di errore: {{ errorCode }}).",
    "open_elsewhere": "Aperto in un'altra scheda",
    "open_elsewhere_description": "{{brand}} è stato aperto in un'altra scheda. Se non ti sembra corretto, prova a ricaricare la pagina.",
    "unexpected_ec_error": "Si è verificato un errore imprevisto (<0>Codice errore:</0> <1>{{ errorCode }}</1>). Contatta l'amministratore del tuo server."
  },
  "group_call_loader": {
    "banned_body": "Sei stato bandito dalla stanza.",
    "banned_heading": "Bandito",
    "call_ended_body": "Sei stato rimosso dalla chiamata.",
    "call_ended_heading": "Chiamata terminata",
    "knock_reject_body": "I membri della stanza hanno rifiutato la tua richiesta di partecipazione.",
    "knock_reject_heading": "Partecipazione non consentita",
    "reason": "Motivo"
  },
  "hangup_button_label": "Termina chiamata",
  "header_label": "Inizio di Element Call",
  "header_participants_label": "Partecipanti",
  "invite_modal": {
    "link_copied_toast": "Collegamento copiato negli appunti",
    "title": "Invita a questa chiamata"
  },
  "join_existing_call_modal": {
    "join_button": "Sì, entra in chiamata",
    "text": "Questa chiamata esiste già, vuoi entrare?",
    "title": "Entrare in una chiamata esistente?"
  },
  "layout_grid_label": "Griglia",
  "layout_spotlight_label": "In primo piano",
  "lobby": {
    "ask_to_join": "Chiedi di partecipare alla chiamata",
    "join_as_guest": "Partecipa come ospite",
    "join_button": "Entra in chiamata",
    "leave_button": "Torna ai recenti",
    "waiting_for_invite": "Richiesta inviata"
  },
  "log_in": "Accedi",
  "logging_in": "Accesso…",
  "login_auth_links": "<0>Crea un profilo</0> o <2>Accedi come ospite</2>",
  "login_auth_links_prompt": "Non sei ancora registrato?",
  "login_subheading": "Per continuare su Element",
  "login_title": "Accedi",
  "microphone_off": "Microfono spento",
  "microphone_on": "Microfono acceso",
  "mute_microphone_button_label": "Spegni il microfono",
  "participant_count_one": "{{count, number}}",
  "participant_count_other": "{{count, number}}",
  "qr_code": "Codice QR",
  "rageshake_button_error_caption": "Riprova l'invio dei registri",
  "rageshake_request_modal": {
    "body": "Un altro utente in questa chiamata sta avendo problemi. Per diagnosticare meglio questi problemi, vorremmo raccogliere un registro di debug.",
    "title": "Richiesta registro di debug"
  },
  "rageshake_send_logs": "Invia registri di debug",
  "rageshake_sending": "Invio…",
  "rageshake_sending_logs": "Invio dei registri di debug…",
  "rageshake_sent": "Grazie!",
  "recaptcha_dismissed": "Recaptcha annullato",
  "recaptcha_not_loaded": "Recaptcha non caricato",
  "register": {
    "passwords_must_match": "Le password devono coincidere",
    "registering": "Registrazione…"
  },
  "register_auth_links": "<0>Hai già un profilo?</0><1><0>Accedi</0> o <2>Accedi come ospite</2></1>",
  "register_confirm_password_label": "Conferma password",
  "register_heading": "Crea il tuo account",
  "return_home_button": "Torna alla schermata di iniziale",
  "room_auth_view_continue_button": "Continua",
  "screenshare_button_label": "Condividi schermo",
  "settings": {
    "audio_tab": {
      "effect_volume_description": "Regola il volume delle reazioni e degli effetti di alzata di mani.",
      "effect_volume_label": "Volume degli effetti sonori"
    },
    "developer_tab_title": "Sviluppatore",
    "devices": {
      "camera": "Fotocamera",
      "camera_numbered": "Fotocamera {{n}}",
      "default": "Predefinito",
      "default_named": "Predefinito <2>({{name}})</2>",
      "microphone": "Microfono",
      "microphone_numbered": "Microfono {{n}}",
      "speaker": "Altoparlante",
      "speaker_numbered": "Altoparlante {{n}}"
    },
    "feedback_tab_body": "Se stai riscontrando problemi o semplicemente vuoi dare un'opinione, inviaci una breve descrizione qua sotto.",
    "feedback_tab_description_label": "Il tuo commento",
    "feedback_tab_h4": "Invia commento",
    "feedback_tab_send_logs_label": "Includi registri di debug",
    "feedback_tab_thank_you": "Grazie, abbiamo ricevuto il tuo commento!",
    "feedback_tab_title": "Commenti",
    "opt_in_description": "<0></0><1></1>Puoi revocare il consenso deselezionando questa casella. Se attualmente sei in una chiamata, avrà effetto al termine di essa.",
    "preferences_tab": {
      "developer_mode_label": "Modalità sviluppatore",
      "developer_mode_label_description": "Attiva la modalità sviluppatore e mostra la scheda di impostazioni sviluppatore.",
      "introduction": "Qui puoi configurare opzioni extra per un'esperienza migliore.",
      "reactions_play_sound_description": "Riprodurre un effetto sonoro quando qualcuno invia una reazione in una chiamata.",
      "reactions_play_sound_label": "Riproduci suoni di reazione",
      "reactions_show_description": "Mostra un'animazione quando qualcuno invia una reazione.",
      "reactions_show_label": "Mostra reazioni",
      "show_hand_raised_timer_description": "Mostra un contatore quando un partecipante alza la mano",
      "show_hand_raised_timer_label": "Mostra la durata dell'alzata di mano"
    }
  },
  "star_rating_input_label_one": "{{count}} stelle",
  "star_rating_input_label_other": "{{count}} stelle",
  "start_new_call": "Inizia una nuova chiamata",
  "start_video_button_label": "Avvia video",
  "stop_screenshare_button_label": "Condivisione schermo",
  "stop_video_button_label": "Ferma video",
  "submitting": "Invio…",
  "switch_camera": "Cambia fotocamera",
  "unauthenticated_view_body": "Non hai ancora un profilo? <2>Creane uno</2>",
  "unauthenticated_view_login_button": "Accedi al tuo profilo",
  "unmute_microphone_button_label": "Riaccendi il microfono",
  "version": "Versione: {{version}}",
  "video_tile": {
    "always_show": "Mostra sempre",
    "camera_starting": "Caricamento del video...",
    "change_fit_contain": "Adatta al frame",
    "collapse": "Riduci",
    "expand": "Espandi",
    "mute_for_me": "Disattiva l'audio per me",
    "muted_for_me": "Muto per me",
    "volume": "Volume",
    "waiting_for_media": "In attesa dei media..."
  }
}
