{
  "a11y": {
    "user_menu": "Menu użytkownika"
  },
  "action": {
    "close": "Zamknij",
    "copy_link": "Kopiuj link",
    "edit": "Edytuj",
    "go": "Przejdź",
    "invite": "Zaproś",
    "lower_hand": "Opuść rękę",
    "no": "Nie",
    "pick_reaction": "Wybierz reakcję",
    "raise_hand": "Podnieś rękę",
    "register": "Zarejestruj",
    "remove": "Usuń",
    "show_less": "Pokaż mniej",
    "show_more": "Pokaż więcej",
    "sign_in": "Zaloguj się",
    "sign_out": "Wyloguj się",
    "submit": "Wyślij",
    "upload_file": "Prześlij plik"
  },
  "analytics_notice": "Uczestnicząc w tej becie, upoważniasz nas do zbierania anonimowych danych, które wykorzystamy do ulepszenia produktu. Dowiedz się więcej na temat danych, które zbieramy w naszej <2>Polityce prywatności</2> i <5>Polityce ciasteczek</5>.",
  "app_selection_modal": {
    "continue_in_browser": "Kontynuuj w przeglądarce",
    "open_in_app": "Otwórz w aplikacji",
    "text": "Gotowy, by dołączyć?",
    "title": "Wybierz aplikację"
  },
  "call_ended_view": {
    "create_account_button": "Utwórz konto",
    "create_account_prompt": "<0>Może zechcesz ustawić hasło, aby zachować swoje konto?</0><1>Będziesz w stanie utrzymać swoją nazwę i ustawić awatar do wyświetlania podczas połączeń w przyszłości</1>",
    "feedback_done": "<0>Dziękujemy za Twoją opinię!</0>",
    "feedback_prompt": "<0>Z przyjemnością wysłuchamy Twojej opinii, aby poprawić Twoje doświadczenia.</0>",
    "headline": "{{displayName}}, Twoje połączenie zostało zakończone.",
    "not_now_button": "Nie teraz, powróć do ekranu domowego",
    "reconnect_button": "Połącz ponownie",
    "survey_prompt": "Jak poszło?"
  },
  "call_name": "Nazwa połączenia",
  "common": {
    "analytics": "Dane analityczne",
    "audio": "Dźwięk",
    "avatar": "Awatar",
    "back": "Wstecz",
    "display_name": "Nazwa wyświetlana",
    "encrypted": "Szyfrowane",
    "home": "Strona domowa",
    "loading": "Ładowanie…",
    "next": "Dalej",
    "options": "Opcje",
    "password": "Hasło",
    "preferences": "Preferencje",
    "profile": "Profil",
    "reaction": "Reakcja",
    "reactions": "Reakcje",
    "settings": "Ustawienia",
    "unencrypted": "Nie szyfrowane",
    "username": "Nazwa użytkownika",
    "video": "Wideo"
  },
  "developer_mode": {
    "crypto_version": "Wersja krypto: {{version}}",
    "debug_tile_layout_label": "Układ kafelków Debug",
    "device_id": "ID urządzenia: {{id}}",
    "duplicate_tiles_label": "Liczba dodatkowych kopii kafelków na uczestnika",
    "environment_variables": "Zmienne środowiskowe",
    "hostname": "Nazwa hosta: {{hostname}}",
    "livekit_server_info": "Informacje serwera LiveKit",
    "livekit_sfu": "LiveKit SFU: {{url}}",
    "matrix_id": "ID Matrix: {{id}}",
    "show_connection_stats": "Pokaż statystyki połączenia",
    "show_non_member_tiles": "Pokaż kafelki dla mediów, które nie są od członków",
    "url_params": "Parametry URL",
    "use_new_membership_manager": "Użyj nowej implementacji połączenia MembershipManager"
  },
  "disconnected_banner": "Utracono połączenie z serwerem.",
  "error": {
    "call_is_not_supported": "Połączenie nie jest obsługiwane",
    "call_not_found": "Nie znaleziono połączenia",
    "call_not_found_description": "<0>Wygląda na to, że ten link nie należy do żadnego istniejącego połączenia. Sprawdź, czy posiadasz prawidłowy link lub <1>utwórz nowy</1>.</0>",
    "connection_lost": "Utracono połączenie",
    "connection_lost_description": "Zostałeś rozłączony z rozmowy.",
    "e2ee_unsupported": "Niekompatybilna przeglądarka",
    "e2ee_unsupported_description": "Twoja przeglądarka nie wspiera szyfrowanych połączeń. Obsługiwane przeglądarki obejmują Chrome, Safari i Firefox 117+.",
    "generic": "Coś poszło nie tak",
    "generic_description": "Wysłanie dziennika debug, pozwoli nam namierzyć problem.",
    "insufficient_capacity": "Za mało miejsca",
    "insufficient_capacity_description": "Serwer osiągnął maksymalną pojemność, przez co nie możesz dołączyć do połączenia. Spróbuj ponownie później lub skontaktuj się z administratorem serwera, jeśli problem nie zniknie.",
    "matrix_rtc_focus_missing": "Serwer nie jest skonfigurowany do pracy z {{brand}}. Prosimy o kontakt z administratorem serwera (Domena: {{domain}}, Kod błędu: {{ errorCode }}).",
    "open_elsewhere": "Otwarto w innej karcie",
    "open_elsewhere_description": "{{brand}} został otwarty w innej karcie. Jeśli tak nie jest, spróbuj odświeżyć stronę.",
    "unexpected_ec_error": "Wystąpił nieoczekiwany błąd (<0>Kod błędu:</0> <1>{{ errorCode }}</1>). Skontaktuj się z administratorem serwera."
  },
  "group_call_loader": {
    "banned_body": "Zostałeś zbanowany z pokoju.",
    "banned_heading": "Zbanowany",
    "call_ended_body": "Zostałeś usunięty z rozmowy.",
    "call_ended_heading": "Połączenie zakończone",
    "knock_reject_body": "Członkowie pokoju odrzucili Twoją prośbę o dołączenie.",
    "knock_reject_heading": "Nie możesz dołączyć",
    "reason": "Powód: {{reason}}"
  },
  "hangup_button_label": "Zakończ połączenie",
  "header_label": "Strona główna Element Call",
  "header_participants_label": "Uczestnicy",
  "invite_modal": {
    "link_copied_toast": "Skopiowano link do schowka",
    "title": "Zaproś do połączenia"
  },
  "join_existing_call_modal": {
    "join_button": "Tak, dołącz do połączenia",
    "text": "Te połączenie już istnieje, czy chcesz do niego dołączyć?",
    "title": "Dołączyć do istniejącego połączenia?"
  },
  "layout_grid_label": "Siatka",
  "layout_spotlight_label": "Centrum uwagi",
  "lobby": {
    "ask_to_join": "Poproś o dołączenie do rozmowy",
    "join_as_guest": "Dołącz jako gość",
    "join_button": "Dołącz do połączenia",
    "leave_button": "Wróć do ostatnie",
    "waiting_for_invite": "Żądanie wysłane"
  },
  "log_in": "Zaloguj",
  "logging_in": "Logowanie…",
  "login_auth_links": "<0>Utwórz konto</0> lub <2>Dołącz jako gość</2>",
  "login_auth_links_prompt": "Nie masz konta?",
  "login_subheading": "Aby przejść do Element",
  "login_title": "Zaloguj się",
  "microphone_off": "Mikrofon wyłączony",
  "microphone_on": "Mikrofon włączony",
  "mute_microphone_button_label": "Wycisz mikrofon",
  "participant_count_one": "{{count, number}}",
  "participant_count_few": "{{count, number}}",
  "participant_count_many": "{{count, number}}",
  "qr_code": "Kod QR",
  "rageshake_button_error_caption": "Wyślij logi ponownie",
  "rageshake_request_modal": {
    "body": "Inny użytkownik w tym połączeniu napotkał problem. Aby lepiej zdiagnozować tę usterkę, chcielibyśmy zebrać dzienniki debugowania.",
    "title": "Prośba o dzienniki debugowania"
  },
  "rageshake_send_logs": "Wyślij dzienniki debugowania",
  "rageshake_sending": "Wysyłanie…",
  "rageshake_sending_logs": "Wysyłanie dzienników debugowania…",
  "rageshake_sent": "Dziękujemy!",
  "recaptcha_dismissed": "Recaptcha odrzucona",
  "recaptcha_not_loaded": "Recaptcha nie została załadowana",
  "recaptcha_ssla_caption": "Ta strona jest chroniona przez reCAPTCHA i obowiązują <2> Polityka prywatności Google </2> i <6>Warunki korzystania z usługi</6>. <9></9>Klikając „Zarejestruj się”, wyrażasz zgodę na naszą <12>umowę licencyjną oprogramowania i usług (SSLA)</12>",
  "register": {
    "passwords_must_match": "Hasła muszą pasować",
    "registering": "Rejestrowanie…"
  },
  "register_auth_links": "<0>Masz już konto?</0><1><0>Zaloguj się</0> lub <2>Dołącz jako gość</2></1>",
  "register_confirm_password_label": "Potwierdź hasło",
  "register_heading": "Utwórz konto",
  "return_home_button": "Powróć do strony głównej",
  "room_auth_view_continue_button": "Kontynuuj",
  "room_auth_view_ssla_caption": "Klikając \"Dołącz teraz do połączenia\", wyrażasz zgodę na naszą <2>Umowę licencyjną oprogramowania i usług (SSLA)</2>",
  "screenshare_button_label": "Udostępnij ekran",
  "settings": {
    "audio_tab": {
      "effect_volume_description": "Dostosuj głośność, z jaką odtwarzane są efekty reakcji i podniesionej ręki",
      "effect_volume_label": "Głośność efektu dźwiękowego"
    },
    "developer_tab_title": "Programista",
    "devices": {
      "camera": "Kamera",
      "camera_numbered": "Kamera {{n}}",
      "default": "Domyślne",
      "default_named": "Domyślne <2>({{name}})</2>",
      "microphone": "Mikrofon",
      "microphone_numbered": "Mikrofon {{n}}",
      "speaker": "Głośnik",
      "speaker_numbered": "Głośnik {{n}}"
    },
    "feedback_tab_body": "Jeśli posiadasz problemy lub chciałbyś zgłosić swoją opinię, wyślij nam krótki opis.",
    "feedback_tab_description_label": "Twoje opinie",
    "feedback_tab_h4": "Prześlij opinię",
    "feedback_tab_send_logs_label": "Dołącz dzienniki debugowania",
    "feedback_tab_thank_you": "Dziękujemy, otrzymaliśmy Twoją opinię!",
    "feedback_tab_title": "Opinia użytkownika",
    "opt_in_description": "<0></0><1></1>Możesz wycofać swoją zgodę poprzez odznaczenie tego pola. Jeśli już jesteś w trakcie rozmowy, opcja zostanie zastosowana po jej zakończeniu.",
    "preferences_tab": {
      "developer_mode_label": "Tryb programisty",
      "developer_mode_label_description": "Włącz tryb programisty i wyświetl kartę ustawień programisty.",
      "introduction": "Tutaj możesz skonfigurować dodatkowe opcje dla lepszych doświadczeń.",
      "reactions_play_sound_description": "Odtwórz efekt dźwiękowy, gdy ktoś wyślę reakcję w trakcie połączenia.",
      "reactions_play_sound_label": "Odtwórz dźwięki reakcji",
      "reactions_show_description": "Odtwórz animację, gdy ktoś wyślę reakcję.",
      "reactions_show_label": "Pokaż reakcje",
      "show_hand_raised_timer_description": "Pokaż licznik, gdy uczestnik podniesie rękę",
      "show_hand_raised_timer_label": "Pokaż czas po podniesieniu ręki"
    }
  },
  "star_rating_input_label_one": "{{count}} gwiazdki",
  "star_rating_input_label_other": "{{count}} gwiazdki",
  "start_new_call": "Rozpocznij nowe połączenie",
  "start_video_button_label": "Rozpocznij wideo",
  "stop_screenshare_button_label": "Udostępnianie ekranu",
  "stop_video_button_label": "Zakończ wideo",
  "submitting": "Wysyłanie…",
  "switch_camera": "Przełącz kamerę",
  "unauthenticated_view_body": "Nie masz konta? <2>Utwórz je</2>",
  "unauthenticated_view_login_button": "Zaloguj się do swojego konta",
  "unauthenticated_view_ssla_caption": "Klikając \"Przejdź\", wyrażasz zgodę na naszą <2>Umowę licencyjną oprogramowania i usług (SSLA)</2>",
  "unmute_microphone_button_label": "Odcisz mikrofon",
  "version": "Wersja: {{version}}",
  "video_tile": {
    "always_show": "Zawsze pokazuj",
    "camera_starting": "Wczytywanie wideo...",
    "change_fit_contain": "Dopasuj do obramowania",
    "collapse": "Zwiń",
    "expand": "Rozwiń",
    "mute_for_me": "Wycisz dla mnie",
    "muted_for_me": "Wyciszone dla mnie",
    "volume": "Głośność",
    "waiting_for_media": "Oczekiwanie na media..."
  }
}
